{"cameraMode":{"drawMode":0,"name":"Shaded","section":"Shading Mode"},"sceneLighting":true,"audioPlay":false,"sceneViewState":{"showFog":true,"showMaterialUpdate":false,"showSkybox":true,"showFlares":true,"showImageEffects":true,"showParticleSystems":true},"in2DMode":false,"pivot":{"x":-15.48326301574707,"y":8.472745895385743,"z":54.36033630371094},"rotation":{"x":-0.0063070496544241909,"y":0.02459634281694889,"z":-0.00016152912576217204,"w":-0.9996941089630127},"size":78.0870361328125,"orthographic":false}