{"cameraMode":{"drawMode":0,"name":"Shaded","section":"Shading Mode"},"sceneLighting":true,"audioPlay":false,"sceneViewState":{"showFog":true,"showMaterialUpdate":false,"showSkybox":true,"showFlares":true,"showImageEffects":true,"showParticleSystems":true},"in2DMode":false,"pivot":{"x":-7.827233791351318,"y":8.27631664276123,"z":54.286346435546878},"rotation":{"x":-0.007804810535162687,"y":-0.03389423340559006,"z":0.0002585165202617645,"w":-0.999412477016449},"size":65.48077392578125,"orthographic":false}