{"cameraMode":{"drawMode":0,"name":"Shaded","section":"Shading Mode"},"sceneLighting":true,"audioPlay":false,"sceneViewState":{"showFog":true,"showMaterialUpdate":true,"showSkybox":true,"showFlares":true,"showImageEffects":true,"showParticleSystems":true},"in2DMode":false,"pivot":{"x":66.83090209960938,"y":0.15710079669952393,"z":30.621112823486329},"rotation":{"x":-0.003811689093708992,"y":-0.5325331687927246,"z":0.002390439622104168,"w":-0.8464064002037048},"size":76.57389831542969,"orthographic":false}