{"cameraMode":{"drawMode":0,"name":"Shaded","section":"Shading Mode"},"sceneLighting":true,"audioPlay":false,"sceneViewState":{"showFog":true,"showMaterialUpdate":true,"showSkybox":true,"showFlares":true,"showImageEffects":true,"showParticleSystems":true},"in2DMode":false,"pivot":{"x":9.849061965942383,"y":-140.0861358642578,"z":-372.955322265625},"rotation":{"x":-0.0015103635378181935,"y":0.9832788705825806,"z":-0.1822768896818161,"w":-0.008119733072817326},"size":452.2544250488281,"orthographic":false}