{"cameraMode":{"drawMode":0,"name":"Shaded","section":"Shading Mode"},"sceneLighting":false,"audioPlay":false,"sceneViewState":{"showFog":true,"showMaterialUpdate":true,"showSkybox":false,"showFlares":true,"showImageEffects":true,"showParticleSystems":true},"in2DMode":false,"pivot":{"x":0.16949987411499024,"y":1.2693166732788087,"z":-1.3363040685653687},"rotation":{"x":-0.029615186154842378,"y":0.06772001832723618,"z":0.0020760279148817064,"w":0.9973232746124268},"size":23.87066650390625,"orthographic":false}