{"cameraMode":{"drawMode":0,"name":"Shaded","section":"Shading Mode"},"sceneLighting":true,"audioPlay":false,"sceneViewState":{"showFog":true,"showMaterialUpdate":true,"showSkybox":true,"showFlares":true,"showImageEffects":true,"showParticleSystems":true},"in2DMode":false,"pivot":{"x":6.1590576171875,"y":1.0609302520751954,"z":11.942190170288086},"rotation":{"x":-0.011989214457571507,"y":-0.03563474863767624,"z":-0.000531428144313395,"w":0.9993689060211182},"size":1.5718072652816773,"orthographic":false}