{"cameraMode":{"drawMode":0,"name":"Shaded","section":"Shading Mode"},"sceneLighting":true,"audioPlay":false,"sceneViewState":{"showFog":true,"showMaterialUpdate":true,"showSkybox":true,"showFlares":true,"showImageEffects":true,"showParticleSystems":true},"in2DMode":false,"pivot":{"x":7.042874813079834,"y":-0.5617002844810486,"z":1.744054913520813},"rotation":{"x":0.048271019011735919,"y":0.030264029279351236,"z":-0.0014305879594758154,"w":0.9983999729156494},"size":6.911647796630859,"orthographic":false}