{"cameraMode":{"drawMode":0,"name":"Shaded","section":"Shading Mode"},"sceneLighting":true,"audioPlay":false,"sceneViewState":{"showFog":true,"showMaterialUpdate":true,"showSkybox":true,"showFlares":true,"showImageEffects":true,"showParticleSystems":true},"in2DMode":false,"pivot":{"x":50.0070686340332,"y":2.4741170406341554,"z":5.054931163787842},"rotation":{"x":0.020085930824279786,"y":0.8109723329544067,"z":-0.028044870123267175,"w":0.5841891169548035},"size":53.07469940185547,"orthographic":false}