{"cameraMode":{"drawMode":0,"name":"Shaded","section":"Shading Mode"},"sceneLighting":true,"audioPlay":false,"sceneViewState":{"showFog":true,"showMaterialUpdate":true,"showSkybox":true,"showFlares":true,"showImageEffects":true,"showParticleSystems":true},"in2DMode":false,"pivot":{"x":-7.882537841796875,"y":-7.4849090576171879,"z":-45.87383270263672},"rotation":{"x":-0.2291359156370163,"y":0.5821271538734436,"z":-0.17552408576011659,"w":-0.7601770758628845},"size":139.19482421875,"orthographic":false}