{"cameraMode":{"drawMode":0,"name":"Shaded","section":"Shading Mode"},"sceneLighting":false,"audioPlay":false,"sceneViewState":{"showFog":true,"showMaterialUpdate":true,"showSkybox":false,"showFlares":true,"showImageEffects":true,"showParticleSystems":true},"in2DMode":false,"pivot":{"x":-32.058013916015628,"y":-5.773524284362793,"z":1.1319866180419922},"rotation":{"x":-0.056613218039274219,"y":0.653252363204956,"z":-0.049086764454841617,"w":-0.7534380555152893},"size":40.010372161865237,"orthographic":false}