{"cameraMode":{"drawMode":0,"name":"Shaded","section":"Shading Mode"},"sceneLighting":false,"audioPlay":false,"sceneViewState":{"showFog":true,"showMaterialUpdate":true,"showSkybox":false,"showFlares":true,"showImageEffects":true,"showParticleSystems":true},"in2DMode":false,"pivot":{"x":11.809816360473633,"y":10.259869575500489,"z":-44.16798400878906},"rotation":{"x":0.11497636884450913,"y":0.23111267387866975,"z":-0.027517450973391534,"w":0.9657235145568848},"size":140.38302612304688,"orthographic":true}