{"cameraMode":{"drawMode":0,"name":"Shaded","section":"Shading Mode"},"sceneLighting":true,"audioPlay":false,"sceneViewState":{"showFog":true,"showMaterialUpdate":true,"showSkybox":true,"showFlares":true,"showImageEffects":true,"showParticleSystems":true},"in2DMode":false,"pivot":{"x":29.319477081298829,"y":14.3384370803833,"z":10.037103652954102},"rotation":{"x":0.06906136870384217,"y":-0.9309084415435791,"z":0.25763627886772158,"w":0.24953411519527436},"size":22.0,"orthographic":false}