{"cameraMode":{"drawMode":0,"name":"Shaded","section":"Shading Mode"},"sceneLighting":true,"audioPlay":false,"sceneViewState":{"showFog":true,"showMaterialUpdate":true,"showSkybox":true,"showFlares":true,"showImageEffects":true,"showParticleSystems":true},"in2DMode":false,"pivot":{"x":58.76970672607422,"y":9.924631118774414,"z":10.75813102722168},"rotation":{"x":-0.028886431828141214,"y":0.7017187476158142,"z":0.028375450521707536,"w":0.7114027738571167},"size":53.07469940185547,"orthographic":false}