{"cameraMode":{"drawMode":0,"name":"Shaded","section":"Shading Mode"},"sceneLighting":true,"audioPlay":false,"sceneViewState":{"showFog":true,"showMaterialUpdate":true,"showSkybox":true,"showFlares":true,"showImageEffects":true,"showParticleSystems":true},"in2DMode":false,"pivot":{"x":26.89457130432129,"y":-5.3687028884887699,"z":-30.655643463134767},"rotation":{"x":0.0017771327402442694,"y":0.9964123368263245,"z":-0.08239331841468811,"w":0.022683672606945039},"size":65.01651000976563,"orthographic":false}