{"cameraMode":{"drawMode":0,"name":"Shaded","section":"Shading Mode"},"sceneLighting":true,"audioPlay":false,"sceneViewState":{"showFog":true,"showMaterialUpdate":true,"showSkybox":true,"showFlares":true,"showImageEffects":true,"showParticleSystems":true},"in2DMode":false,"pivot":{"x":-15.351449012756348,"y":3.4269092082977297,"z":-18.49093246459961},"rotation":{"x":-0.12347382307052612,"y":-0.42098796367645266,"z":0.05792611837387085,"w":-0.896776556968689},"size":1.8116464614868165,"orthographic":false}