{"cameraMode":{"drawMode":0,"name":"Shaded","section":"Shading Mode"},"sceneLighting":true,"audioPlay":false,"sceneViewState":{"showFog":true,"showMaterialUpdate":true,"showSkybox":true,"showFlares":true,"showImageEffects":true,"showParticleSystems":true},"in2DMode":false,"pivot":{"x":12.925268173217774,"y":62.33746337890625,"z":168.99984741210938},"rotation":{"x":-0.047977179288864139,"y":-0.016120458021759988,"z":-0.0008795417379587889,"w":0.9987944960594177},"size":311.8730163574219,"orthographic":false}