{"cameraMode":{"drawMode":0,"name":"Shaded","section":"Shading Mode"},"sceneLighting":false,"audioPlay":false,"sceneViewState":{"showFog":true,"showMaterialUpdate":true,"showSkybox":false,"showFlares":true,"showImageEffects":true,"showParticleSystems":true},"in2DMode":false,"pivot":{"x":-3.680000066757202,"y":1.25,"z":-1.4329900741577149},"rotation":{"x":-0.058944664895534518,"y":0.8208674192428589,"z":0.08629622310400009,"w":0.5615912675857544},"size":17.22828483581543,"orthographic":false}